Account_ManagerID,Name,Email,phone,department
2165,Lana Wong,mauris@google.net,(340) 598-8205,Erat Semper Ltd
2740,Ifeoma Cardenas,arcu.et@protonmail.org,1-433-686-7052,Urna Vivamus Molestie Incorporated
2803,Elmo Petty,elit.sed@outlook.org,(555) 723-5265,Sed Eu Incorporated
2107,Cecilia Bell,curae.donec@protonmail.net,1-621-287-9381,Cursus Vestibulum Consulting
2434,Jaime Moran,nibh@aol.net,1-685-675-2143,Gravida Foundation
2480,Allegra Jacobson,vulputate@google.ca,1-505-464-7835,Mauris Blandit Mattis Institute
2513,Laith Boyd,et.magnis@yahoo.org,(149) 361-1365,Nulla Dignissim Maecenas Corporation
2164,Cullen Pope,nam.tempor.diam@outlook.com,1-827-365-2618,Dui Nec LLC
2090,Burton Fleming,nunc.risus@outlook.ca,(723) 875-1325,Dolor Sit Ltd
2986,Kylee Cohen,mi@hotmail.com,1-543-741-2696,In Lobortis Limited
2616,Roary Miranda,cras.dictum@outlook.net,(649) 742-1241,Nunc Lectus Pede Limited
2212,Hayley Snow,aliquet.nec.imperdiet@protonmail.org,1-402-768-6326,Tempor Augue Company
2523,Orlando Wade,metus.aenean.sed@hotmail.ca,(707) 915-5546,Magnis Dis Corporation
2971,Lesley Yang,diam.nunc.ullamcorper@protonmail.org,(725) 295-1647,Aliquam Tincidunt LLC
2215,Marvin Weber,molestie.arcu@yahoo.org,(638) 557-2953,Elit Fermentum Associates
2678,Jermaine Carson,ornare.facilisis@google.edu,1-121-857-7212,Non Arcu Vivamus PC
2879,Jason Campos,nec.metus@hotmail.couk,(971) 594-8041,Eget Industries
2404,Breanna Cox,posuere.cubilia.curae@protonmail.ca,(574) 241-2767,Lacus PC
2869,Gavin Chavez,non.lorem@google.couk,1-307-825-0710,Felis Ullamcorper Corporation
2754,Jasper Whitney,sed.neque@hotmail.edu,1-225-446-4516,Arcu Company
2283,Eleanor Odom,erat.semper@google.com,1-124-723-9663,Aliquam Consulting
2420,Zeus Bell,ut@google.couk,1-780-364-4395,Erat Vel Foundation
2729,Anika Stevenson,vivamus.sit.amet@icloud.ca,(706) 787-4896,Ac Feugiat Industries
2471,Alika Scott,sit.amet@protonmail.couk,1-773-105-8921,Sit Amet Risus PC
2226,Matthew Zamora,ut.odio@google.com,1-512-200-5475,Mus Donec Industries
2182,Indira Chang,diam.dictum.sapien@yahoo.ca,1-593-674-8158,Rhoncus Donec PC
2445,Hakeem Nolan,vitae@yahoo.edu,1-868-329-6111,Consectetuer Industries
2043,Nerea Montoya,est.arcu@hotmail.com,(317) 487-2463,Amet Ante PC
2417,Hop Stephenson,et@yahoo.couk,1-195-557-0434,Elit Pharetra Ut Limited
2652,Gage Holland,donec@google.couk,(714) 183-5811,Nunc Limited
2257,Willa Mcgee,sem@icloud.net,(252) 414-1022,Vulputate Eu Odio PC
2327,Catherine Avila,nibh.dolor.nonummy@hotmail.ca,(421) 146-7864,Ornare Egestas Ligula Industries
2383,Allen Mccormick,tellus.eu.augue@aol.ca,(323) 822-7289,Sit Corp.
2262,Adele Hoover,nec.mollis@outlook.ca,1-149-320-5663,In Faucibus Institute
2801,Gabriel Rowland,ornare.fusce@protonmail.com,1-865-853-8379,Etiam Gravida Corporation
2609,Malachi Jordan,consectetuer@outlook.ca,(539) 874-5844,Arcu Et Ltd
2945,Yuri Heath,et.pede.nunc@hotmail.org,1-355-688-4725,Tempus Scelerisque PC
2084,Remedios Berg,pellentesque.eget.dictum@icloud.net,1-788-636-8492,Aliquet Phasellus Fermentum Corporation
2143,Tate Fitzgerald,at.arcu@protonmail.net,1-663-556-9557,Aptent Taciti Industries
2327,Ayanna Montoya,vulputate.lacus@yahoo.edu,1-679-782-2610,Mollis Lectus Corporation
2873,Chelsea Hartman,neque.nullam.ut@outlook.edu,1-883-828-8138,Adipiscing Non Luctus Industries
2102,Miranda Velazquez,porttitor.vulputate@hotmail.edu,(879) 880-9837,Sed Molestie Consulting
2991,Jaime Gamble,ante.dictum@yahoo.org,1-878-881-6056,Class Aptent Taciti Incorporated
2997,Arthur Mclaughlin,ligula.consectetuer@google.couk,1-371-824-6718,Pretium Neque Morbi Foundation
2240,Molly Pate,enim@outlook.ca,(636) 471-5544,Donec Vitae Erat PC
2678,Chadwick Nicholson,dui@outlook.edu,1-719-866-4147,Nulla Integer Consulting
2387,Dai Munoz,ultrices@protonmail.ca,(637) 321-9254,Vel Vulputate Eu Inc.
2892,Athena Hernandez,non.bibendum@outlook.com,1-676-342-0006,Nisi LLC
2602,Callie Rush,ligula.aliquam@outlook.ca,1-447-985-6265,Tempor Lorem Company
2257,Dahlia Mcknight,in.lorem.donec@google.ca,(773) 715-9626,Tellus Sem Corporation
2004,Tate Glover,parturient.montes@icloud.ca,1-897-685-6378,Orci Lobortis Ltd
2212,Eleanor Beck,dictum.augue.malesuada@icloud.net,1-648-465-7636,Fringilla Euismod Incorporated
2614,Thane Gordon,cras.lorem@google.com,1-745-935-6311,Phasellus Corporation
2461,Talon Bailey,mi.tempor@google.org,1-578-768-6184,Pede Corp.
2235,Sean Hancock,scelerisque.lorem@protonmail.ca,1-710-444-7183,Ipsum Primis In Corp.
2636,Ivy Buck,maecenas@aol.com,(583) 238-6279,Elit Pharetra LLP
2078,Tara Dotson,donec@hotmail.org,1-267-212-7373,Gravida Molestie Associates
2649,Flavia Chavez,duis@outlook.org,(707) 703-5227,Porttitor Vulputate Limited
2881,Lysandra Macdonald,donec.consectetuer@hotmail.couk,(772) 567-5283,In At LLC
2570,Keefe Kent,non.enim@protonmail.net,1-909-820-3103,Eu Company
2551,Regan Kirby,ut.eros@icloud.org,(489) 145-1522,Velit Incorporated
2170,Leandra Owen,ac@outlook.edu,1-309-657-2166,Egestas A Foundation
2033,Jane Maynard,et.magnis.dis@google.couk,1-354-367-1208,Sagittis Industries
2722,Craig Shelton,eu.euismod@aol.net,1-271-131-5248,Eu Odio Limited
2223,Graham Williams,non.enim@outlook.edu,1-837-264-7280,Libero LLP
2293,Brent Patton,etiam.bibendum.fermentum@yahoo.com,1-783-480-2127,Sem Ut Limited
2778,Reagan Mueller,molestie.in.tempus@icloud.org,1-871-762-3131,Cursus Corp.
2768,Beau Romero,at@aol.org,1-228-241-3635,Mi Enim Condimentum Associates
2414,Hedwig Graham,auctor.vitae@google.ca,1-265-928-9744,Eu Eleifend Foundation
2509,Cade Caldwell,curabitur.dictum.phasellus@icloud.edu,1-718-575-7583,Dolor Egestas Corp.
2277,Lee Cardenas,imperdiet.ullamcorper.duis@yahoo.ca,1-655-667-8175,Fringilla Ornare PC
2798,Burton Houston,ut.tincidunt@outlook.com,1-242-633-9767,Ac Urna PC
2229,Tanner Mckinney,tempor.lorem@protonmail.com,1-454-784-2879,Donec Tempus Ltd
2795,Bethany White,ut.aliquam@hotmail.couk,(717) 184-8123,Aliquam Rutrum Lorem Foundation
2766,Buffy Cross,augue.ac.ipsum@outlook.ca,1-187-586-2218,Donec Elementum Lorem Company
2797,Hayfa Lambert,malesuada.ut@aol.edu,1-633-545-8275,Erat Vitae Inc.
2170,Kaye Mccall,phasellus@aol.ca,1-287-736-0207,Auctor Odio LLP
2042,Ifeoma Pittman,libero@aol.org,1-920-636-3858,At Augue Id Industries
2929,Stuart Wiggins,vitae.sodales.nisi@hotmail.ca,(435) 667-2188,Quis Urna Ltd
2330,Whitney Good,enim@aol.edu,(379) 319-4726,Montes Nascetur Industries
2489,Nathan Hancock,lorem@aol.couk,(635) 581-1848,In Faucibus Inc.
2078,Grady Mercado,tempus.eu.ligula@hotmail.edu,(142) 822-0694,Magna Phasellus Corp.
2803,Len Russo,mauris.ut@google.edu,(788) 256-5558,Fermentum Convallis Inc.
2401,Judith Newton,ipsum.non.arcu@google.com,1-534-162-7655,Mi Fringilla Limited
2981,Jasper Hardin,mauris.nulla@outlook.org,1-559-230-3501,Nec Tempus Inc.
2301,Urielle Baird,imperdiet.non@icloud.edu,1-412-489-6914,Adipiscing Ligula Aenean Inc.
2680,Akeem Riddle,eros.non@google.ca,(382) 660-9233,Nisl Sem LLP
2699,Herrod Buckley,nulla@aol.edu,(479) 638-3669,Magna Et Institute
2392,Jaquelyn Schneider,ante.nunc@google.edu,1-101-773-4186,Aliquam Iaculis Inc.
2462,Brendan Cote,lectus.cum.sociis@aol.couk,1-803-438-4852,Eros Nam Foundation
2457,Lana Blankenship,quis.pede.praesent@yahoo.com,1-343-714-7563,Congue A Corporation
2291,Vladimir Dalton,phasellus@hotmail.edu,(615) 546-8940,Neque Pellentesque PC
2880,Maia Wilkerson,libero.proin.mi@aol.net,(844) 584-6143,A Tortor Inc.
2669,Kirsten Lawson,pede.cum.sociis@outlook.com,1-430-281-1593,Justo PC
2074,Jack Black,lectus@outlook.com,(467) 564-2262,A Ltd
2352,Amal Parsons,donec.fringilla.donec@hotmail.edu,1-268-607-6564,Ipsum Suspendisse PC
2471,Amir Pittman,maecenas@icloud.org,(232) 822-5834,Ante Nunc Inc.
2630,Dante Ward,lacinia.sed@outlook.edu,1-243-482-7132,Elit Incorporated
2739,Hilda Allison,molestie.dapibus@aol.com,1-117-889-5367,Id Mollis Industries
2389,Holly Mcmahon,ligula@icloud.com,(452) 389-2794,Auctor Quis Company
